{
  "grafo_completo_k7": {
    "num_vertices": 7,
    "num_arestas": 21,
    "cores_minimas_encontradas": 7,
    "coloracao_encontrada": [
      0,
      1,
      2,
      3,
      4,
      5,
      6
    ],
    "tempos_execucao_segundos": [
      0.6641154999379069,
      0.6937498999759555,
      0.6465974999591708,
      0.6767205998767167,
      0.6799161999952048
    ],
    "tempo_medio_segundos": 0.672219939948991
  }
}