{
  "grafo_completo_k7": {
    "num_vertices": 7,
    "num_arestas": 21,
    "cores_minimas_encontradas": 7,
    "coloracao_encontrada": [
      0,
      1,
      2,
      3,
      4,
      5,
      6
    ],
    "tempos_execucao_segundos": [
      0.15441640000790358,
      0.15721179987303913,
      0.1618250000756234,
      0.15456100017763674,
      0.15180959994904697
    ],
    "tempo_medio_segundos": 0.15596476001664997
  }
}